{"365tzgVGyFWn0U0pubpsH5Dol5FkRMyt2ZXEoxqEUAE": {"user_id": 3, "exp": 1773415290.91123}, "uI4q8BW9yQTVCTBLR2HR3Jnj09NZBZBr9X-tMfMS-xo": {"user_id": 3, "exp": 1773420557.233714}, "6k7E7Dm5qF-Zkh_YBmfR8P7yygUZAvA1E1cQiP75qzU": {"user_id": 3, "exp": 1773420579.815492}, "vtLqjwVJd9MoVTm8NgxayK7S_PWaeNKFa-wzuC_KW30": {"user_id": 4, "exp": 1773420849.454582}, "1Efng-LTjV5NUWvR7BIm1nefTYlUIOnBHNFrtiHGN7w": {"user_id": 4, "exp": 1773420850.51896}, "3-g8jySNSvV8I7KKnhcdEwLTU28lPGqVn0yaHBJ1W9c": {"user_id": 5, "exp": 1773420952.162216}, "R_66du3rS0sqg6oZiXar36jpETTh3juwT3eFrzm_4DY": {"user_id": 5, "exp": 1773420952.763377}, "oEyEmnmujxgMTSHyJMaY8V7RhtQQZMmqBld5rMawXsg": {"user_id": 6, "exp": 1773420970.829847}, "gBto3zZLGN2CUqz6c-LOZpWp-gWoBhdk9x-yxgW1JEk": {"user_id": 6, "exp": 1773420971.128028}, "FDGrtMNRExY1JgVaPlwFTHg1R14xt7NGGYUCNK58rm8": {"user_id": 3, "exp": 1773422104.27823}, "8IeT7BAQOctql3Gr7jmU_LO4DroSGTPF4D3ds9jc_Nc": {"user_id": 3, "exp": 1773422368.541859}}